--
-- PostgreSQL database dump
--

-- Dumped from database version 14.18 (Homebrew)
-- Dumped by pg_dump version 14.18 (Homebrew)

SET statement_timeout = 0;
SET lock_timeout = 0;
SET idle_in_transaction_session_timeout = 0;
SET client_encoding = 'UTF8';
SET standard_conforming_strings = on;
SELECT pg_catalog.set_config('search_path', '', false);
SET check_function_bodies = false;
SET xmloption = content;
SET client_min_messages = warning;
SET row_security = off;

SET default_tablespace = '';

SET default_table_access_method = heap;

--
-- Name: auth_group; Type: TABLE; Schema: public; Owner: javibeat
--

CREATE TABLE public.auth_group (
    id integer NOT NULL,
    name character varying(150) NOT NULL
);


ALTER TABLE public.auth_group OWNER TO javibeat;

--
-- Name: auth_group_id_seq; Type: SEQUENCE; Schema: public; Owner: javibeat
--

ALTER TABLE public.auth_group ALTER COLUMN id ADD GENERATED BY DEFAULT AS IDENTITY (
    SEQUENCE NAME public.auth_group_id_seq
    START WITH 1
    INCREMENT BY 1
    NO MINVALUE
    NO MAXVALUE
    CACHE 1
);


--
-- Name: auth_group_permissions; Type: TABLE; Schema: public; Owner: javibeat
--

CREATE TABLE public.auth_group_permissions (
    id bigint NOT NULL,
    group_id integer NOT NULL,
    permission_id integer NOT NULL
);


ALTER TABLE public.auth_group_permissions OWNER TO javibeat;

--
-- Name: auth_group_permissions_id_seq; Type: SEQUENCE; Schema: public; Owner: javibeat
--

ALTER TABLE public.auth_group_permissions ALTER COLUMN id ADD GENERATED BY DEFAULT AS IDENTITY (
    SEQUENCE NAME public.auth_group_permissions_id_seq
    START WITH 1
    INCREMENT BY 1
    NO MINVALUE
    NO MAXVALUE
    CACHE 1
);


--
-- Name: auth_permission; Type: TABLE; Schema: public; Owner: javibeat
--

CREATE TABLE public.auth_permission (
    id integer NOT NULL,
    name character varying(255) NOT NULL,
    content_type_id integer NOT NULL,
    codename character varying(100) NOT NULL
);


ALTER TABLE public.auth_permission OWNER TO javibeat;

--
-- Name: auth_permission_id_seq; Type: SEQUENCE; Schema: public; Owner: javibeat
--

ALTER TABLE public.auth_permission ALTER COLUMN id ADD GENERATED BY DEFAULT AS IDENTITY (
    SEQUENCE NAME public.auth_permission_id_seq
    START WITH 1
    INCREMENT BY 1
    NO MINVALUE
    NO MAXVALUE
    CACHE 1
);


--
-- Name: auth_user; Type: TABLE; Schema: public; Owner: javibeat
--

CREATE TABLE public.auth_user (
    id integer NOT NULL,
    password character varying(128) NOT NULL,
    last_login timestamp with time zone,
    is_superuser boolean NOT NULL,
    username character varying(150) NOT NULL,
    first_name character varying(150) NOT NULL,
    last_name character varying(150) NOT NULL,
    email character varying(254) NOT NULL,
    is_staff boolean NOT NULL,
    is_active boolean NOT NULL,
    date_joined timestamp with time zone NOT NULL
);


ALTER TABLE public.auth_user OWNER TO javibeat;

--
-- Name: auth_user_groups; Type: TABLE; Schema: public; Owner: javibeat
--

CREATE TABLE public.auth_user_groups (
    id bigint NOT NULL,
    user_id integer NOT NULL,
    group_id integer NOT NULL
);


ALTER TABLE public.auth_user_groups OWNER TO javibeat;

--
-- Name: auth_user_groups_id_seq; Type: SEQUENCE; Schema: public; Owner: javibeat
--

ALTER TABLE public.auth_user_groups ALTER COLUMN id ADD GENERATED BY DEFAULT AS IDENTITY (
    SEQUENCE NAME public.auth_user_groups_id_seq
    START WITH 1
    INCREMENT BY 1
    NO MINVALUE
    NO MAXVALUE
    CACHE 1
);


--
-- Name: auth_user_id_seq; Type: SEQUENCE; Schema: public; Owner: javibeat
--

ALTER TABLE public.auth_user ALTER COLUMN id ADD GENERATED BY DEFAULT AS IDENTITY (
    SEQUENCE NAME public.auth_user_id_seq
    START WITH 1
    INCREMENT BY 1
    NO MINVALUE
    NO MAXVALUE
    CACHE 1
);


--
-- Name: auth_user_user_permissions; Type: TABLE; Schema: public; Owner: javibeat
--

CREATE TABLE public.auth_user_user_permissions (
    id bigint NOT NULL,
    user_id integer NOT NULL,
    permission_id integer NOT NULL
);


ALTER TABLE public.auth_user_user_permissions OWNER TO javibeat;

--
-- Name: auth_user_user_permissions_id_seq; Type: SEQUENCE; Schema: public; Owner: javibeat
--

ALTER TABLE public.auth_user_user_permissions ALTER COLUMN id ADD GENERATED BY DEFAULT AS IDENTITY (
    SEQUENCE NAME public.auth_user_user_permissions_id_seq
    START WITH 1
    INCREMENT BY 1
    NO MINVALUE
    NO MAXVALUE
    CACHE 1
);


--
-- Name: core_dj; Type: TABLE; Schema: public; Owner: javibeat
--

CREATE TABLE public.core_dj (
    id bigint NOT NULL,
    name character varying(100) NOT NULL,
    email character varying(254),
    is_verified boolean NOT NULL,
    token character varying(100),
    created_at timestamp with time zone NOT NULL
);


ALTER TABLE public.core_dj OWNER TO javibeat;

--
-- Name: core_dj_id_seq; Type: SEQUENCE; Schema: public; Owner: javibeat
--

ALTER TABLE public.core_dj ALTER COLUMN id ADD GENERATED BY DEFAULT AS IDENTITY (
    SEQUENCE NAME public.core_dj_id_seq
    START WITH 1
    INCREMENT BY 1
    NO MINVALUE
    NO MAXVALUE
    CACHE 1
);


--
-- Name: core_notification; Type: TABLE; Schema: public; Owner: javibeat
--

CREATE TABLE public.core_notification (
    id bigint NOT NULL,
    message text NOT NULL,
    created_at timestamp with time zone NOT NULL,
    is_read boolean NOT NULL,
    dj_id bigint NOT NULL
);


ALTER TABLE public.core_notification OWNER TO javibeat;

--
-- Name: core_notification_id_seq; Type: SEQUENCE; Schema: public; Owner: javibeat
--

ALTER TABLE public.core_notification ALTER COLUMN id ADD GENERATED BY DEFAULT AS IDENTITY (
    SEQUENCE NAME public.core_notification_id_seq
    START WITH 1
    INCREMENT BY 1
    NO MINVALUE
    NO MAXVALUE
    CACHE 1
);


--
-- Name: core_shift; Type: TABLE; Schema: public; Owner: javibeat
--

CREATE TABLE public.core_shift (
    id bigint NOT NULL,
    title character varying(200) NOT NULL,
    date date NOT NULL,
    start_time time without time zone NOT NULL,
    end_time time without time zone NOT NULL,
    dj_id bigint,
    comment text,
    has_dj boolean NOT NULL,
    is_event boolean NOT NULL,
    venue character varying(100) NOT NULL
);


ALTER TABLE public.core_shift OWNER TO javibeat;

--
-- Name: core_shift_id_seq; Type: SEQUENCE; Schema: public; Owner: javibeat
--

ALTER TABLE public.core_shift ALTER COLUMN id ADD GENERATED BY DEFAULT AS IDENTITY (
    SEQUENCE NAME public.core_shift_id_seq
    START WITH 1
    INCREMENT BY 1
    NO MINVALUE
    NO MAXVALUE
    CACHE 1
);


--
-- Name: django_admin_log; Type: TABLE; Schema: public; Owner: javibeat
--

CREATE TABLE public.django_admin_log (
    id integer NOT NULL,
    action_time timestamp with time zone NOT NULL,
    object_id text,
    object_repr character varying(200) NOT NULL,
    action_flag smallint NOT NULL,
    change_message text NOT NULL,
    content_type_id integer,
    user_id integer NOT NULL,
    CONSTRAINT django_admin_log_action_flag_check CHECK ((action_flag >= 0))
);


ALTER TABLE public.django_admin_log OWNER TO javibeat;

--
-- Name: django_admin_log_id_seq; Type: SEQUENCE; Schema: public; Owner: javibeat
--

ALTER TABLE public.django_admin_log ALTER COLUMN id ADD GENERATED BY DEFAULT AS IDENTITY (
    SEQUENCE NAME public.django_admin_log_id_seq
    START WITH 1
    INCREMENT BY 1
    NO MINVALUE
    NO MAXVALUE
    CACHE 1
);


--
-- Name: django_content_type; Type: TABLE; Schema: public; Owner: javibeat
--

CREATE TABLE public.django_content_type (
    id integer NOT NULL,
    app_label character varying(100) NOT NULL,
    model character varying(100) NOT NULL
);


ALTER TABLE public.django_content_type OWNER TO javibeat;

--
-- Name: django_content_type_id_seq; Type: SEQUENCE; Schema: public; Owner: javibeat
--

ALTER TABLE public.django_content_type ALTER COLUMN id ADD GENERATED BY DEFAULT AS IDENTITY (
    SEQUENCE NAME public.django_content_type_id_seq
    START WITH 1
    INCREMENT BY 1
    NO MINVALUE
    NO MAXVALUE
    CACHE 1
);


--
-- Name: django_migrations; Type: TABLE; Schema: public; Owner: javibeat
--

CREATE TABLE public.django_migrations (
    id bigint NOT NULL,
    app character varying(255) NOT NULL,
    name character varying(255) NOT NULL,
    applied timestamp with time zone NOT NULL
);


ALTER TABLE public.django_migrations OWNER TO javibeat;

--
-- Name: django_migrations_id_seq; Type: SEQUENCE; Schema: public; Owner: javibeat
--

ALTER TABLE public.django_migrations ALTER COLUMN id ADD GENERATED BY DEFAULT AS IDENTITY (
    SEQUENCE NAME public.django_migrations_id_seq
    START WITH 1
    INCREMENT BY 1
    NO MINVALUE
    NO MAXVALUE
    CACHE 1
);


--
-- Name: django_session; Type: TABLE; Schema: public; Owner: javibeat
--

CREATE TABLE public.django_session (
    session_key character varying(40) NOT NULL,
    session_data text NOT NULL,
    expire_date timestamp with time zone NOT NULL
);


ALTER TABLE public.django_session OWNER TO javibeat;

--
-- Data for Name: auth_group; Type: TABLE DATA; Schema: public; Owner: javibeat
--

COPY public.auth_group (id, name) FROM stdin;
\.


--
-- Data for Name: auth_group_permissions; Type: TABLE DATA; Schema: public; Owner: javibeat
--

COPY public.auth_group_permissions (id, group_id, permission_id) FROM stdin;
\.


--
-- Data for Name: auth_permission; Type: TABLE DATA; Schema: public; Owner: javibeat
--

COPY public.auth_permission (id, name, content_type_id, codename) FROM stdin;
1	Can add log entry	1	add_logentry
2	Can change log entry	1	change_logentry
3	Can delete log entry	1	delete_logentry
4	Can view log entry	1	view_logentry
5	Can add permission	2	add_permission
6	Can change permission	2	change_permission
7	Can delete permission	2	delete_permission
8	Can view permission	2	view_permission
9	Can add group	3	add_group
10	Can change group	3	change_group
11	Can delete group	3	delete_group
12	Can view group	3	view_group
13	Can add user	4	add_user
14	Can change user	4	change_user
15	Can delete user	4	delete_user
16	Can view user	4	view_user
17	Can add content type	5	add_contenttype
18	Can change content type	5	change_contenttype
19	Can delete content type	5	delete_contenttype
20	Can view content type	5	view_contenttype
21	Can add session	6	add_session
22	Can change session	6	change_session
23	Can delete session	6	delete_session
24	Can view session	6	view_session
25	Can add dj	7	add_dj
26	Can change dj	7	change_dj
27	Can delete dj	7	delete_dj
28	Can view dj	7	view_dj
29	Can add shift	8	add_shift
30	Can change shift	8	change_shift
31	Can delete shift	8	delete_shift
32	Can view shift	8	view_shift
33	Can add notification	9	add_notification
34	Can change notification	9	change_notification
35	Can delete notification	9	delete_notification
36	Can view notification	9	view_notification
\.


--
-- Data for Name: auth_user; Type: TABLE DATA; Schema: public; Owner: javibeat
--

COPY public.auth_user (id, password, last_login, is_superuser, username, first_name, last_name, email, is_staff, is_active, date_joined) FROM stdin;
1	pbkdf2_sha256$1000000$76hFEhQoqLJBeTaxZQcqoO$dN+AS9ph9m+fpxNLkFSV6aIPEcUqKtE/4d0ghPNAlVI=	2025-05-16 13:40:05.097+04	t	Javi			javibeat@icloud.com	t	t	2025-05-16 13:38:28.96+04
\.


--
-- Data for Name: auth_user_groups; Type: TABLE DATA; Schema: public; Owner: javibeat
--

COPY public.auth_user_groups (id, user_id, group_id) FROM stdin;
\.


--
-- Data for Name: auth_user_user_permissions; Type: TABLE DATA; Schema: public; Owner: javibeat
--

COPY public.auth_user_user_permissions (id, user_id, permission_id) FROM stdin;
\.


--
-- Data for Name: core_dj; Type: TABLE DATA; Schema: public; Owner: javibeat
--

COPY public.core_dj (id, name, email, is_verified, token, created_at) FROM stdin;
1	Javi	javibeat@icloud.com	t	\N	2025-05-16 14:05:19.903+04
2	Sergio	\N	f	\N	2025-05-16 14:05:27.046+04
3	Reda	\N	f	\N	2025-05-16 14:05:33.413+04
4	Yasin	\N	f	\N	2025-05-16 14:05:45.053+04
5	Batu	\N	f	\N	2025-05-16 14:05:51.814+04
6	Elena	\N	f	\N	2025-05-16 14:05:54.463+04
7	Emre	\N	f	\N	2025-05-16 14:05:56.462+04
\.


--
-- Data for Name: core_notification; Type: TABLE DATA; Schema: public; Owner: javibeat
--

COPY public.core_notification (id, message, created_at, is_read, dj_id) FROM stdin;
1	Shift deleted: Aura on 2025-05-20 (14:00:00 - 18:00:00)	2025-05-19 19:12:53.01+04	f	3
2	Shift added: Azure on 2025-05-20 (13:00 - 17:00)	2025-05-19 19:13:21.94+04	f	1
3	Shift deleted: Azure on 2025-05-20 (13:00:00 - 17:00:00)	2025-05-19 19:13:38.236+04	f	1
4	Shift deleted: Drift on 2025-05-23 (17:00:00 - 21:00:00)	2025-05-19 19:14:03.438+04	f	3
5	Shift added: Drift on 2025-05-23 (17:00 - 21:00)	2025-05-19 19:14:28.644+04	f	3
6	Shift added: Aura on 2025-05-20 (13:00 - 16:00)	2025-05-19 19:24:12.488+04	f	1
7	Shift deleted: Aura on 2025-05-20 (13:00:00 - 16:00:00)	2025-05-19 19:24:32.99+04	f	1
8	Shift added: Drift on 2025-05-20 (13:00 - 14:00)	2025-05-19 19:25:06.193+04	f	1
9	Shift deleted: Drift on 2025-05-20 (13:00:00 - 14:00:00)	2025-05-19 19:34:05.004+04	f	1
10	Shift added: Aura on 2025-05-20 (13:00 - 17:00)	2025-05-19 19:34:24.221+04	f	1
11	Shift deleted: Aura on 2025-05-20 (13:00:00 - 17:00:00)	2025-05-19 19:34:59.247+04	f	1
12	Shift added: Drift on 2025-05-20 (13:00 - 14:00)	2025-05-19 19:36:50.218+04	f	1
13	Shift deleted: Drift on 2025-05-20 (13:00:00 - 14:00:00)	2025-05-19 19:37:57.494+04	f	1
14	Shift added: Drift on 2025-05-20 (13:00 - 14:00)	2025-05-19 19:40:12.744+04	f	1
15	Shift deleted: Drift on 2025-05-20 (13:00:00 - 14:00:00)	2025-05-20 09:51:31.128+04	f	1
16	Shift added: Drift on 2025-05-20 (13:00 - 16:00)	2025-05-20 09:52:49.182+04	f	1
17	Shift deleted: Drift on 2025-05-20 (13:00:00 - 16:00:00)	2025-05-20 09:53:49.981+04	f	1
18	Shift added: Drift on 2025-05-20 (13:00 - 15:00)	2025-05-20 09:55:46.308+04	f	1
19	Shift deleted: Drift on 2025-05-20 (13:00:00 - 15:00:00)	2025-05-20 10:11:35.676+04	f	1
20	Shift added: Aura on 2025-05-20 (13:00 - 14:00)	2025-05-20 10:18:48.855+04	f	1
21	Shift deleted: Aura on 2025-05-20 (13:00:00 - 14:00:00)	2025-05-20 10:19:13.845+04	f	1
22	Shift deleted: Azure on 2025-05-19 (13:30:00 - 17:30:00)	2025-05-20 10:58:51.854+04	f	1
23	Shift added: Azure on 2025-05-20 (19:00 - 23:00)	2025-05-20 11:30:16.432+04	f	1
24	Shift added: Azure on 2025-05-20 (19:00 - 23:00)	2025-05-20 11:30:42.007+04	f	1
25	Shift added: Azure on 2025-05-20 (19:00 - 23:00)	2025-05-20 11:31:30.524+04	f	1
26	Shift deleted: Azure on 2025-05-20 (19:00:00 - 23:00:00)	2025-05-20 11:31:49.216+04	f	1
27	Shift deleted: Azure on 2025-05-20 (19:00:00 - 23:00:00)	2025-05-20 11:31:51.312+04	f	1
28	Shift deleted: Azure on 2025-05-20 (19:00:00 - 23:00:00)	2025-05-20 11:31:53.498+04	f	1
29	Shift added: Drift on 2025-05-21 (19:00 - 20:00)	2025-05-21 15:37:07.274+04	f	1
30	Shift deleted: Drift on 2025-05-21 (19:00:00 - 20:00:00)	2025-05-21 15:37:25.693+04	f	1
\.


--
-- Data for Name: core_shift; Type: TABLE DATA; Schema: public; Owner: javibeat
--

COPY public.core_shift (id, title, date, start_time, end_time, dj_id, comment, has_dj, is_event, venue) FROM stdin;
3		2025-05-21	13:30:00	17:30:00	1		f	f	Azure
4		2025-05-26	13:30:00	17:30:00	1		f	f	Azure
5		2025-05-27	13:30:00	17:30:00	1		f	f	Azure
6		2025-05-28	13:30:00	17:30:00	1		f	f	Azure
8		2025-05-27	19:30:00	23:00:00	1		f	f	Ammos
11		2025-05-24	16:00:00	19:00:00	3		f	f	Drift
12		2025-05-24	12:00:00	16:00:00	3		f	f	Drift
13		2025-05-25	13:00:00	17:00:00	3		f	f	Drift
14		2025-05-23	13:00:00	17:00:00	1		f	f	Drift
15		2025-05-24	14:00:00	18:00:00	1		f	f	Aura
16		2025-05-25	14:00:00	18:00:00	1		f	f	Aura
21		2025-05-31	14:00:00	18:00:00	1		f	f	Aura
23		2025-05-30	13:00:00	17:00:00	1		f	f	Drift
26		2025-05-23	17:00:00	21:00:00	3		f	f	Drift
36		2025-05-20	14:00:00	18:00:00	3		f	f	Aura
37		2025-05-20	19:45:00	22:45:00	6		f	f	Aura
38		2025-05-21	14:00:00	18:00:00	4		f	f	Aura
39		2025-05-21	19:45:00	22:45:00	5		f	f	Aura
40		2025-05-28	19:45:00	22:45:00	5		f	f	Aura
41		2025-05-22	13:30:00	17:30:00	3		f	f	Azure
42		2025-05-29	13:30:00	17:30:00	3		f	f	Azure
43		2025-05-22	14:00:00	18:00:00	4		f	f	Aura
44		2025-05-23	14:00:00	18:00:00	4		f	f	Aura
45		2025-05-28	14:00:00	18:00:00	4		f	f	Aura
46		2025-05-29	14:00:00	18:00:00	4		f	f	Aura
47		2025-05-30	14:00:00	18:00:00	4		f	f	Aura
48		2025-05-22	19:30:00	23:30:00	5		f	f	Ammos
49		2025-05-29	19:30:00	23:30:00	5		f	f	Ammos
50		2025-05-23	14:00:00	18:00:00	5		f	f	Azure
51		2025-05-23	19:30:00	23:30:00	6		f	f	Ammos
52		2025-05-23	19:45:00	22:45:00	7		f	f	Aura
53		2025-05-24	19:45:00	22:45:00	3		f	f	Aura
54		2025-05-24	14:00:00	18:00:00	4		f	f	Azure
55		2025-05-25	14:00:00	18:00:00	6		f	f	Azure
56		2025-05-26	14:00:00	18:00:00	3		f	f	Aura
57		2025-05-27	14:00:00	18:00:00	3		f	f	Aura
58		2025-05-27	19:45:00	22:45:00	6		f	f	Aura
59		2025-05-30	17:00:00	21:00:00	3		f	f	Drift
60		2025-05-30	14:00:00	18:00:00	5		f	f	Azure
61		2025-05-30	19:30:00	23:30:00	6		f	f	Ammos
62		2025-05-30	19:45:00	22:45:00	7		f	f	Aura
63		2025-05-31	12:00:00	16:00:00	3		f	f	Drift
64		2025-05-31	16:00:00	19:00:00	3		f	f	Drift
65		2025-05-31	19:45:00	22:45:00	3		f	f	Aura
66		2025-05-31	14:00:00	18:00:00	4		f	f	Azure
\.


--
-- Data for Name: django_admin_log; Type: TABLE DATA; Schema: public; Owner: javibeat
--

COPY public.django_admin_log (id, action_time, object_id, object_repr, action_flag, change_message, content_type_id, user_id) FROM stdin;
1	2025-05-16 14:05:19.904+04	1	Javi	1	[{"added": {}}]	8	1
2	2025-05-16 14:05:27.048+04	2	Sergio	1	[{"added": {}}]	8	1
3	2025-05-16 14:05:33.415+04	3	Reda	1	[{"added": {}}]	8	1
4	2025-05-16 14:05:37.903+04	2	Sergio	2	[{"changed": {"fields": ["Is verified"]}}]	8	1
5	2025-05-16 14:05:45.055+04	4	Yasin	1	[{"added": {}}]	8	1
6	2025-05-16 14:05:51.814+04	5	Batu	1	[{"added": {}}]	8	1
7	2025-05-16 14:05:54.464+04	6	Elena	1	[{"added": {}}]	8	1
8	2025-05-16 14:05:56.462+04	7	Emre	1	[{"added": {}}]	8	1
9	2025-05-19 12:37:38.232+04	10	 - 2025-05-24 (Reda)	3		7	1
\.


--
-- Data for Name: django_content_type; Type: TABLE DATA; Schema: public; Owner: javibeat
--

COPY public.django_content_type (id, app_label, model) FROM stdin;
1	admin	logentry
2	auth	permission
3	auth	group
4	auth	user
5	contenttypes	contenttype
6	sessions	session
7	core	dj
8	core	shift
9	core	notification
\.


--
-- Data for Name: django_migrations; Type: TABLE DATA; Schema: public; Owner: javibeat
--

COPY public.django_migrations (id, app, name, applied) FROM stdin;
1	contenttypes	0001_initial	2025-05-21 16:51:16.269625+04
2	auth	0001_initial	2025-05-21 16:51:16.306947+04
3	admin	0001_initial	2025-05-21 16:51:16.315105+04
4	admin	0002_logentry_remove_auto_add	2025-05-21 16:51:16.318205+04
5	admin	0003_logentry_add_action_flag_choices	2025-05-21 16:51:16.321162+04
6	contenttypes	0002_remove_content_type_name	2025-05-21 16:51:16.328511+04
7	auth	0002_alter_permission_name_max_length	2025-05-21 16:51:16.331656+04
8	auth	0003_alter_user_email_max_length	2025-05-21 16:51:16.334489+04
9	auth	0004_alter_user_username_opts	2025-05-21 16:51:16.337098+04
10	auth	0005_alter_user_last_login_null	2025-05-21 16:51:16.33995+04
11	auth	0006_require_contenttypes_0002	2025-05-21 16:51:16.340365+04
12	auth	0007_alter_validators_add_error_messages	2025-05-21 16:51:16.342924+04
13	auth	0008_alter_user_username_max_length	2025-05-21 16:51:16.348651+04
14	auth	0009_alter_user_last_name_max_length	2025-05-21 16:51:16.351885+04
15	auth	0010_alter_group_name_max_length	2025-05-21 16:51:16.355283+04
16	auth	0011_update_proxy_permissions	2025-05-21 16:51:16.357712+04
17	auth	0012_alter_user_first_name_max_length	2025-05-21 16:51:16.360333+04
18	core	0001_initial	2025-05-21 16:51:16.371605+04
19	core	0002_shift_comment_shift_has_dj_shift_is_event_and_more	2025-05-21 16:51:16.378523+04
20	core	0003_notification	2025-05-21 16:51:16.384664+04
21	sessions	0001_initial	2025-05-21 16:51:16.388688+04
\.


--
-- Data for Name: django_session; Type: TABLE DATA; Schema: public; Owner: javibeat
--

COPY public.django_session (session_key, session_data, expire_date) FROM stdin;
k2zs3zyhzimvvnv4z117nfupevfmcw3h	eyJkal9pZCI6MX0:1uHiWU:Q12EKyGsXwucHlP2G4_XAJ6lh9ANY8ogleYEk_WO2Ow	2025-06-20 16:26:14.986+04
\.


--
-- Name: auth_group_id_seq; Type: SEQUENCE SET; Schema: public; Owner: javibeat
--

SELECT pg_catalog.setval('public.auth_group_id_seq', 1, false);


--
-- Name: auth_group_permissions_id_seq; Type: SEQUENCE SET; Schema: public; Owner: javibeat
--

SELECT pg_catalog.setval('public.auth_group_permissions_id_seq', 1, false);


--
-- Name: auth_permission_id_seq; Type: SEQUENCE SET; Schema: public; Owner: javibeat
--

SELECT pg_catalog.setval('public.auth_permission_id_seq', 36, true);


--
-- Name: auth_user_groups_id_seq; Type: SEQUENCE SET; Schema: public; Owner: javibeat
--

SELECT pg_catalog.setval('public.auth_user_groups_id_seq', 1, false);


--
-- Name: auth_user_id_seq; Type: SEQUENCE SET; Schema: public; Owner: javibeat
--

SELECT pg_catalog.setval('public.auth_user_id_seq', 1, true);


--
-- Name: auth_user_user_permissions_id_seq; Type: SEQUENCE SET; Schema: public; Owner: javibeat
--

SELECT pg_catalog.setval('public.auth_user_user_permissions_id_seq', 1, false);


--
-- Name: core_dj_id_seq; Type: SEQUENCE SET; Schema: public; Owner: javibeat
--

SELECT pg_catalog.setval('public.core_dj_id_seq', 7, true);


--
-- Name: core_notification_id_seq; Type: SEQUENCE SET; Schema: public; Owner: javibeat
--

SELECT pg_catalog.setval('public.core_notification_id_seq', 30, true);


--
-- Name: core_shift_id_seq; Type: SEQUENCE SET; Schema: public; Owner: javibeat
--

SELECT pg_catalog.setval('public.core_shift_id_seq', 66, true);


--
-- Name: django_admin_log_id_seq; Type: SEQUENCE SET; Schema: public; Owner: javibeat
--

SELECT pg_catalog.setval('public.django_admin_log_id_seq', 9, true);


--
-- Name: django_content_type_id_seq; Type: SEQUENCE SET; Schema: public; Owner: javibeat
--

SELECT pg_catalog.setval('public.django_content_type_id_seq', 9, true);


--
-- Name: django_migrations_id_seq; Type: SEQUENCE SET; Schema: public; Owner: javibeat
--

SELECT pg_catalog.setval('public.django_migrations_id_seq', 21, true);


--
-- Name: auth_group auth_group_name_key; Type: CONSTRAINT; Schema: public; Owner: javibeat
--

ALTER TABLE ONLY public.auth_group
    ADD CONSTRAINT auth_group_name_key UNIQUE (name);


--
-- Name: auth_group_permissions auth_group_permissions_group_id_permission_id_0cd325b0_uniq; Type: CONSTRAINT; Schema: public; Owner: javibeat
--

ALTER TABLE ONLY public.auth_group_permissions
    ADD CONSTRAINT auth_group_permissions_group_id_permission_id_0cd325b0_uniq UNIQUE (group_id, permission_id);


--
-- Name: auth_group_permissions auth_group_permissions_pkey; Type: CONSTRAINT; Schema: public; Owner: javibeat
--

ALTER TABLE ONLY public.auth_group_permissions
    ADD CONSTRAINT auth_group_permissions_pkey PRIMARY KEY (id);


--
-- Name: auth_group auth_group_pkey; Type: CONSTRAINT; Schema: public; Owner: javibeat
--

ALTER TABLE ONLY public.auth_group
    ADD CONSTRAINT auth_group_pkey PRIMARY KEY (id);


--
-- Name: auth_permission auth_permission_content_type_id_codename_01ab375a_uniq; Type: CONSTRAINT; Schema: public; Owner: javibeat
--

ALTER TABLE ONLY public.auth_permission
    ADD CONSTRAINT auth_permission_content_type_id_codename_01ab375a_uniq UNIQUE (content_type_id, codename);


--
-- Name: auth_permission auth_permission_pkey; Type: CONSTRAINT; Schema: public; Owner: javibeat
--

ALTER TABLE ONLY public.auth_permission
    ADD CONSTRAINT auth_permission_pkey PRIMARY KEY (id);


--
-- Name: auth_user_groups auth_user_groups_pkey; Type: CONSTRAINT; Schema: public; Owner: javibeat
--

ALTER TABLE ONLY public.auth_user_groups
    ADD CONSTRAINT auth_user_groups_pkey PRIMARY KEY (id);


--
-- Name: auth_user_groups auth_user_groups_user_id_group_id_94350c0c_uniq; Type: CONSTRAINT; Schema: public; Owner: javibeat
--

ALTER TABLE ONLY public.auth_user_groups
    ADD CONSTRAINT auth_user_groups_user_id_group_id_94350c0c_uniq UNIQUE (user_id, group_id);


--
-- Name: auth_user auth_user_pkey; Type: CONSTRAINT; Schema: public; Owner: javibeat
--

ALTER TABLE ONLY public.auth_user
    ADD CONSTRAINT auth_user_pkey PRIMARY KEY (id);


--
-- Name: auth_user_user_permissions auth_user_user_permissions_pkey; Type: CONSTRAINT; Schema: public; Owner: javibeat
--

ALTER TABLE ONLY public.auth_user_user_permissions
    ADD CONSTRAINT auth_user_user_permissions_pkey PRIMARY KEY (id);


--
-- Name: auth_user_user_permissions auth_user_user_permissions_user_id_permission_id_14a6b632_uniq; Type: CONSTRAINT; Schema: public; Owner: javibeat
--

ALTER TABLE ONLY public.auth_user_user_permissions
    ADD CONSTRAINT auth_user_user_permissions_user_id_permission_id_14a6b632_uniq UNIQUE (user_id, permission_id);


--
-- Name: auth_user auth_user_username_key; Type: CONSTRAINT; Schema: public; Owner: javibeat
--

ALTER TABLE ONLY public.auth_user
    ADD CONSTRAINT auth_user_username_key UNIQUE (username);


--
-- Name: core_dj core_dj_email_key; Type: CONSTRAINT; Schema: public; Owner: javibeat
--

ALTER TABLE ONLY public.core_dj
    ADD CONSTRAINT core_dj_email_key UNIQUE (email);


--
-- Name: core_dj core_dj_name_key; Type: CONSTRAINT; Schema: public; Owner: javibeat
--

ALTER TABLE ONLY public.core_dj
    ADD CONSTRAINT core_dj_name_key UNIQUE (name);


--
-- Name: core_dj core_dj_pkey; Type: CONSTRAINT; Schema: public; Owner: javibeat
--

ALTER TABLE ONLY public.core_dj
    ADD CONSTRAINT core_dj_pkey PRIMARY KEY (id);


--
-- Name: core_notification core_notification_pkey; Type: CONSTRAINT; Schema: public; Owner: javibeat
--

ALTER TABLE ONLY public.core_notification
    ADD CONSTRAINT core_notification_pkey PRIMARY KEY (id);


--
-- Name: core_shift core_shift_pkey; Type: CONSTRAINT; Schema: public; Owner: javibeat
--

ALTER TABLE ONLY public.core_shift
    ADD CONSTRAINT core_shift_pkey PRIMARY KEY (id);


--
-- Name: django_admin_log django_admin_log_pkey; Type: CONSTRAINT; Schema: public; Owner: javibeat
--

ALTER TABLE ONLY public.django_admin_log
    ADD CONSTRAINT django_admin_log_pkey PRIMARY KEY (id);


--
-- Name: django_content_type django_content_type_app_label_model_76bd3d3b_uniq; Type: CONSTRAINT; Schema: public; Owner: javibeat
--

ALTER TABLE ONLY public.django_content_type
    ADD CONSTRAINT django_content_type_app_label_model_76bd3d3b_uniq UNIQUE (app_label, model);


--
-- Name: django_content_type django_content_type_pkey; Type: CONSTRAINT; Schema: public; Owner: javibeat
--

ALTER TABLE ONLY public.django_content_type
    ADD CONSTRAINT django_content_type_pkey PRIMARY KEY (id);


--
-- Name: django_migrations django_migrations_pkey; Type: CONSTRAINT; Schema: public; Owner: javibeat
--

ALTER TABLE ONLY public.django_migrations
    ADD CONSTRAINT django_migrations_pkey PRIMARY KEY (id);


--
-- Name: django_session django_session_pkey; Type: CONSTRAINT; Schema: public; Owner: javibeat
--

ALTER TABLE ONLY public.django_session
    ADD CONSTRAINT django_session_pkey PRIMARY KEY (session_key);


--
-- Name: auth_group_name_a6ea08ec_like; Type: INDEX; Schema: public; Owner: javibeat
--

CREATE INDEX auth_group_name_a6ea08ec_like ON public.auth_group USING btree (name varchar_pattern_ops);


--
-- Name: auth_group_permissions_group_id_b120cbf9; Type: INDEX; Schema: public; Owner: javibeat
--

CREATE INDEX auth_group_permissions_group_id_b120cbf9 ON public.auth_group_permissions USING btree (group_id);


--
-- Name: auth_group_permissions_permission_id_84c5c92e; Type: INDEX; Schema: public; Owner: javibeat
--

CREATE INDEX auth_group_permissions_permission_id_84c5c92e ON public.auth_group_permissions USING btree (permission_id);


--
-- Name: auth_permission_content_type_id_2f476e4b; Type: INDEX; Schema: public; Owner: javibeat
--

CREATE INDEX auth_permission_content_type_id_2f476e4b ON public.auth_permission USING btree (content_type_id);


--
-- Name: auth_user_groups_group_id_97559544; Type: INDEX; Schema: public; Owner: javibeat
--

CREATE INDEX auth_user_groups_group_id_97559544 ON public.auth_user_groups USING btree (group_id);


--
-- Name: auth_user_groups_user_id_6a12ed8b; Type: INDEX; Schema: public; Owner: javibeat
--

CREATE INDEX auth_user_groups_user_id_6a12ed8b ON public.auth_user_groups USING btree (user_id);


--
-- Name: auth_user_user_permissions_permission_id_1fbb5f2c; Type: INDEX; Schema: public; Owner: javibeat
--

CREATE INDEX auth_user_user_permissions_permission_id_1fbb5f2c ON public.auth_user_user_permissions USING btree (permission_id);


--
-- Name: auth_user_user_permissions_user_id_a95ead1b; Type: INDEX; Schema: public; Owner: javibeat
--

CREATE INDEX auth_user_user_permissions_user_id_a95ead1b ON public.auth_user_user_permissions USING btree (user_id);


--
-- Name: auth_user_username_6821ab7c_like; Type: INDEX; Schema: public; Owner: javibeat
--

CREATE INDEX auth_user_username_6821ab7c_like ON public.auth_user USING btree (username varchar_pattern_ops);


--
-- Name: core_dj_email_7e6434a6_like; Type: INDEX; Schema: public; Owner: javibeat
--

CREATE INDEX core_dj_email_7e6434a6_like ON public.core_dj USING btree (email varchar_pattern_ops);


--
-- Name: core_dj_name_8d248043_like; Type: INDEX; Schema: public; Owner: javibeat
--

CREATE INDEX core_dj_name_8d248043_like ON public.core_dj USING btree (name varchar_pattern_ops);


--
-- Name: core_notification_dj_id_b14ec967; Type: INDEX; Schema: public; Owner: javibeat
--

CREATE INDEX core_notification_dj_id_b14ec967 ON public.core_notification USING btree (dj_id);


--
-- Name: core_shift_dj_id_8166de82; Type: INDEX; Schema: public; Owner: javibeat
--

CREATE INDEX core_shift_dj_id_8166de82 ON public.core_shift USING btree (dj_id);


--
-- Name: django_admin_log_content_type_id_c4bce8eb; Type: INDEX; Schema: public; Owner: javibeat
--

CREATE INDEX django_admin_log_content_type_id_c4bce8eb ON public.django_admin_log USING btree (content_type_id);


--
-- Name: django_admin_log_user_id_c564eba6; Type: INDEX; Schema: public; Owner: javibeat
--

CREATE INDEX django_admin_log_user_id_c564eba6 ON public.django_admin_log USING btree (user_id);


--
-- Name: django_session_expire_date_a5c62663; Type: INDEX; Schema: public; Owner: javibeat
--

CREATE INDEX django_session_expire_date_a5c62663 ON public.django_session USING btree (expire_date);


--
-- Name: django_session_session_key_c0390e0f_like; Type: INDEX; Schema: public; Owner: javibeat
--

CREATE INDEX django_session_session_key_c0390e0f_like ON public.django_session USING btree (session_key varchar_pattern_ops);


--
-- Name: auth_group_permissions auth_group_permissio_permission_id_84c5c92e_fk_auth_perm; Type: FK CONSTRAINT; Schema: public; Owner: javibeat
--

ALTER TABLE ONLY public.auth_group_permissions
    ADD CONSTRAINT auth_group_permissio_permission_id_84c5c92e_fk_auth_perm FOREIGN KEY (permission_id) REFERENCES public.auth_permission(id) DEFERRABLE INITIALLY DEFERRED;


--
-- Name: auth_group_permissions auth_group_permissions_group_id_b120cbf9_fk_auth_group_id; Type: FK CONSTRAINT; Schema: public; Owner: javibeat
--

ALTER TABLE ONLY public.auth_group_permissions
    ADD CONSTRAINT auth_group_permissions_group_id_b120cbf9_fk_auth_group_id FOREIGN KEY (group_id) REFERENCES public.auth_group(id) DEFERRABLE INITIALLY DEFERRED;


--
-- Name: auth_permission auth_permission_content_type_id_2f476e4b_fk_django_co; Type: FK CONSTRAINT; Schema: public; Owner: javibeat
--

ALTER TABLE ONLY public.auth_permission
    ADD CONSTRAINT auth_permission_content_type_id_2f476e4b_fk_django_co FOREIGN KEY (content_type_id) REFERENCES public.django_content_type(id) DEFERRABLE INITIALLY DEFERRED;


--
-- Name: auth_user_groups auth_user_groups_group_id_97559544_fk_auth_group_id; Type: FK CONSTRAINT; Schema: public; Owner: javibeat
--

ALTER TABLE ONLY public.auth_user_groups
    ADD CONSTRAINT auth_user_groups_group_id_97559544_fk_auth_group_id FOREIGN KEY (group_id) REFERENCES public.auth_group(id) DEFERRABLE INITIALLY DEFERRED;


--
-- Name: auth_user_groups auth_user_groups_user_id_6a12ed8b_fk_auth_user_id; Type: FK CONSTRAINT; Schema: public; Owner: javibeat
--

ALTER TABLE ONLY public.auth_user_groups
    ADD CONSTRAINT auth_user_groups_user_id_6a12ed8b_fk_auth_user_id FOREIGN KEY (user_id) REFERENCES public.auth_user(id) DEFERRABLE INITIALLY DEFERRED;


--
-- Name: auth_user_user_permissions auth_user_user_permi_permission_id_1fbb5f2c_fk_auth_perm; Type: FK CONSTRAINT; Schema: public; Owner: javibeat
--

ALTER TABLE ONLY public.auth_user_user_permissions
    ADD CONSTRAINT auth_user_user_permi_permission_id_1fbb5f2c_fk_auth_perm FOREIGN KEY (permission_id) REFERENCES public.auth_permission(id) DEFERRABLE INITIALLY DEFERRED;


--
-- Name: auth_user_user_permissions auth_user_user_permissions_user_id_a95ead1b_fk_auth_user_id; Type: FK CONSTRAINT; Schema: public; Owner: javibeat
--

ALTER TABLE ONLY public.auth_user_user_permissions
    ADD CONSTRAINT auth_user_user_permissions_user_id_a95ead1b_fk_auth_user_id FOREIGN KEY (user_id) REFERENCES public.auth_user(id) DEFERRABLE INITIALLY DEFERRED;


--
-- Name: core_notification core_notification_dj_id_b14ec967_fk_core_dj_id; Type: FK CONSTRAINT; Schema: public; Owner: javibeat
--

ALTER TABLE ONLY public.core_notification
    ADD CONSTRAINT core_notification_dj_id_b14ec967_fk_core_dj_id FOREIGN KEY (dj_id) REFERENCES public.core_dj(id) DEFERRABLE INITIALLY DEFERRED;


--
-- Name: core_shift core_shift_dj_id_8166de82_fk_core_dj_id; Type: FK CONSTRAINT; Schema: public; Owner: javibeat
--

ALTER TABLE ONLY public.core_shift
    ADD CONSTRAINT core_shift_dj_id_8166de82_fk_core_dj_id FOREIGN KEY (dj_id) REFERENCES public.core_dj(id) DEFERRABLE INITIALLY DEFERRED;


--
-- Name: django_admin_log django_admin_log_content_type_id_c4bce8eb_fk_django_co; Type: FK CONSTRAINT; Schema: public; Owner: javibeat
--

ALTER TABLE ONLY public.django_admin_log
    ADD CONSTRAINT django_admin_log_content_type_id_c4bce8eb_fk_django_co FOREIGN KEY (content_type_id) REFERENCES public.django_content_type(id) DEFERRABLE INITIALLY DEFERRED;


--
-- Name: django_admin_log django_admin_log_user_id_c564eba6_fk_auth_user_id; Type: FK CONSTRAINT; Schema: public; Owner: javibeat
--

ALTER TABLE ONLY public.django_admin_log
    ADD CONSTRAINT django_admin_log_user_id_c564eba6_fk_auth_user_id FOREIGN KEY (user_id) REFERENCES public.auth_user(id) DEFERRABLE INITIALLY DEFERRED;


--
-- PostgreSQL database dump complete
--

